CREATE DATABASE IF NOT EXISTS kdb;

use kdb;

DROP TABLE IF  EXISTS sys_holiday;
CREATE TABLE sys_holiday
(
    id          BIGINT PRIMARY KEY AUTO_INCREMENT,
    year     INT         DEFAULT 0 COMMENT '年份，便于快速获取某年的所有节假日',
    holiday     DATE   UNIQUE   NOT NULL  COMMENT '节假日期',
    description VARCHAR(512) DEFAULT '' COMMENT '节假日说明，例如：周六、周日、春节、国庆节',
    region      VARCHAR(16)  DEFAULT 'CN' COMMENT '国家区域代码，例如CN、TW、HK',

    deleted     BIT          DEFAULT b'0' COMMENT '0-False-未删除, 1-True-已删除',
    create_by   BIGINT       DEFAULT 0,
    create_time DATETIME     DEFAULT CURRENT_TIMESTAMP,
    update_by   BIGINT       DEFAULT 0,
    update_time DATETIME     DEFAULT CURRENT_TIMESTAMP ON UPDATE CURRENT_TIMESTAMP,
    INDEX idx_holiday (holiday)
) COMMENT '休息日信息表';


INSERT INTO sys_holiday (year, holiday, description, region) VALUES
-- 元旦
(2026, '2026-01-01', '元旦', 'CN'),
(2026, '2026-01-02', '元旦', 'CN'),
(2026, '2026-01-03', '元旦', 'CN'),

-- 春节（含春节连休）
(2026, '2026-02-15', '春节', 'CN'),
(2026, '2026-02-16', '春节', 'CN'),
(2026, '2026-02-17', '春节', 'CN'),
(2026, '2026-02-18', '春节', 'CN'),
(2026, '2026-02-19', '春节', 'CN'),
(2026, '2026-02-20', '春节', 'CN'),
(2026, '2026-02-21', '春节', 'CN'),
(2026, '2026-02-22', '春节', 'CN'),
(2026, '2026-02-23', '春节', 'CN'),

-- 清明节
(2026, '2026-04-04', '清明节', 'CN'),
(2026, '2026-04-05', '清明节', 'CN'),
(2026, '2026-04-06', '清明节', 'CN'),

-- 劳动节
(2026, '2026-05-01', '劳动节', 'CN'),
(2026, '2026-05-02', '劳动节', 'CN'),
(2026, '2026-05-03', '劳动节', 'CN'),
(2026, '2026-05-04', '劳动节', 'CN'),
(2026, '2026-05-05', '劳动节', 'CN'),

-- 端午节
(2026, '2026-06-19', '端午节', 'CN'),
(2026, '2026-06-20', '端午节', 'CN'),
(2026, '2026-06-21', '端午节', 'CN'),

-- 中秋节
(2026, '2026-09-25', '中秋节', 'CN'),
(2026, '2026-09-26', '中秋节', 'CN'),
(2026, '2026-09-27', '中秋节', 'CN'),

-- 国庆节
(2026, '2026-10-01', '国庆节', 'CN'),
(2026, '2026-10-02', '国庆节', 'CN'),
(2026, '2026-10-03', '国庆节', 'CN'),
(2026, '2026-10-04', '国庆节', 'CN'),
(2026, '2026-10-05', '国庆节', 'CN'),
(2026, '2026-10-06', '国庆节', 'CN'),
(2026, '2026-10-07', '国庆节', 'CN');


INSERT INTO sys_holiday (year, holiday, description, region) VALUES
-- 1月
(2026, '2026-01-10', '周六', 'CN'),
(2026, '2026-01-11', '周日', 'CN'),
(2026, '2026-01-17', '周六', 'CN'),
(2026, '2026-01-18', '周日', 'CN'),
(2026, '2026-01-24', '周六', 'CN'),
(2026, '2026-01-25', '周日', 'CN'),
(2026, '2026-01-31', '周六', 'CN'),

-- 2月
(2026, '2026-02-01', '周日', 'CN'),
(2026, '2026-02-07', '周六', 'CN'),
(2026, '2026-02-08', '周日', 'CN'),

-- 3月
(2026, '2026-03-01', '周日', 'CN'),
(2026, '2026-03-07', '周六', 'CN'),
(2026, '2026-03-08', '周日', 'CN'),
(2026, '2026-03-14', '周六', 'CN'),
(2026, '2026-03-15', '周日', 'CN'),
(2026, '2026-03-21', '周六', 'CN'),
(2026, '2026-03-22', '周日', 'CN'),
(2026, '2026-03-28', '周六', 'CN'),
(2026, '2026-03-29', '周日', 'CN'),

-- 4月
(2026, '2026-04-11', '周六', 'CN'),
(2026, '2026-04-12', '周日', 'CN'),
(2026, '2026-04-18', '周六', 'CN'),
(2026, '2026-04-19', '周日', 'CN'),
(2026, '2026-04-25', '周六', 'CN'),
(2026, '2026-04-26', '周日', 'CN'),

-- 5月
(2026, '2026-05-10', '周日', 'CN'),
(2026, '2026-05-16', '周六', 'CN'),
(2026, '2026-05-17', '周日', 'CN'),
(2026, '2026-05-23', '周六', 'CN'),
(2026, '2026-05-24', '周日', 'CN'),
(2026, '2026-05-30', '周六', 'CN'),
(2026, '2026-05-31', '周日', 'CN'),

-- 6月
(2026, '2026-06-06', '周六', 'CN'),
(2026, '2026-06-07', '周日', 'CN'),
(2026, '2026-06-13', '周六', 'CN'),
(2026, '2026-06-14', '周日', 'CN'),
(2026, '2026-06-27', '周六', 'CN'),
(2026, '2026-06-28', '周日', 'CN'),

-- 7月
(2026, '2026-07-04', '周六', 'CN'),
(2026, '2026-07-05', '周日', 'CN'),
(2026, '2026-07-11', '周六', 'CN'),
(2026, '2026-07-12', '周日', 'CN'),
(2026, '2026-07-18', '周六', 'CN'),
(2026, '2026-07-19', '周日', 'CN'),
(2026, '2026-07-25', '周六', 'CN'),
(2026, '2026-07-26', '周日', 'CN'),

-- 8月
(2026, '2026-08-01', '周六', 'CN'),
(2026, '2026-08-02', '周日', 'CN'),
(2026, '2026-08-08', '周六', 'CN'),
(2026, '2026-08-09', '周日', 'CN'),
(2026, '2026-08-15', '周六', 'CN'),
(2026, '2026-08-16', '周日', 'CN'),
(2026, '2026-08-22', '周六', 'CN'),
(2026, '2026-08-23', '周日', 'CN'),
(2026, '2026-08-29', '周六', 'CN'),
(2026, '2026-08-30', '周日', 'CN'),

-- 9月
(2026, '2026-09-05', '周六', 'CN'),
(2026, '2026-09-06', '周日', 'CN'),
(2026, '2026-09-12', '周六', 'CN'),
(2026, '2026-09-13', '周日', 'CN'),
(2026, '2026-09-19', '周六', 'CN'),

-- 10月
(2026, '2026-10-11', '周日', 'CN'),
(2026, '2026-10-17', '周六', 'CN'),
(2026, '2026-10-18', '周日', 'CN'),
(2026, '2026-10-24', '周六', 'CN'),
(2026, '2026-10-25', '周日', 'CN'),
(2026, '2026-10-31', '周六', 'CN'),
(2026, '2026-11-01', '周日', 'CN'),

-- 11月
(2026, '2026-11-07', '周六', 'CN'),
(2026, '2026-11-08', '周日', 'CN'),
(2026, '2026-11-14', '周六', 'CN'),
(2026, '2026-11-15', '周日', 'CN'),
(2026, '2026-11-21', '周六', 'CN'),
(2026, '2026-11-22', '周日', 'CN'),
(2026, '2026-11-28', '周六', 'CN'),
(2026, '2026-11-29', '周日', 'CN'),

-- 12月
(2026, '2026-12-05', '周六', 'CN'),
(2026, '2026-12-06', '周日', 'CN'),
(2026, '2026-12-12', '周六', 'CN'),
(2026, '2026-12-13', '周日', 'CN'),
(2026, '2026-12-19', '周六', 'CN'),
(2026, '2026-12-20', '周日', 'CN'),
(2026, '2026-12-26', '周六', 'CN'),
(2026, '2026-12-27', '周日', 'CN');

